gamma,domain,x,u0,uncontrolled_T,controlled_T
0.5,1,2.6629423107500001e-03,3.3461958661328464e-02,8.8787677853657834e-02,3.2166610881128334e-09
0.5,1,5.6083514067900003e-03,7.0462037628761284e-02,1.4445512180450154e-01,5.0059752023377156e-09
0.5,1,8.8984512525800002e-03,1.1176298662650526e-01,1.9132433959408701e-01,6.1767614176646898e-09
0.5,1,1.2617039661060000e-02,1.5838437877755582e-01,2.3470601581001196e-01,6.8201111397468671e-09
0.5,1,1.6879899680540000e-02,2.1172162424936303e-01,2.7702057472442970e-01,6.8895317009592801e-09
0.5,1,2.1851675495220001e-02,2.7373434021836679e-01,3.1986802323229896e-01,6.2648080695919244e-09
0.5,1,2.7773702681290001e-02,3.4724592402966920e-01,3.6464004687011831e-01,4.7646121816996832e-09
0.5,1,3.5009934414730000e-02,4.3640831494010718e-01,4.1280505010500035e-01,2.1654518001546248e-09
0.5,1,4.4117636043569997e-02,5.4732584700656772e-01,4.6605824791342865e-01,-1.7052708269329607e-09
0.5,1,5.5925516984260001e-02,6.8840713367503115e-01,5.2621703598647007e-01,-6.6131493620389536e-09
0.5,1,7.1482081546710000e-02,8.6837326584996721e-01,5.9430616320833429e-01,-1.0908201196230755e-08
0.5,1,9.1508672021990006e-02,1.0876124208783728e+00,6.6822123956812751e-01,-1.0246457549779177e-08
0.5,1,1.1546734223650000e-01,1.3270232713037959e+00,7.4140653689704106e-01,-8.2296700561430765e-10
0.5,1,1.4178483814833001e-01,1.5552260267599893e+00,8.0691001429523046e-01,1.0059169103600708e-08
0.5,1,1.6912100510993000e-01,1.7472653148900836e+00,8.6155201737161602e-01,5.4681095651344843e-09
0.5,1,1.8801171794446001e-01,1.8502103318980931e+00,8.9248469558061072e-01,-4.0296870238736168e-09
0.5,1,1.9436790534976001e-01,1.8790560629124606e+00,9.0175225396157843e-01,-3.0023023828120933e-09
0.5,1,1.9839499272083000e-01,1.8957838185058971e+00,9.0734030126658305e-01,-3.9140515147964672e-10
0.5,1,2.0000000000000001e-01,1.9021130325903071e+00,9.0950725918747732e-01,1.2183112882223573e-09
0.5,1,2.0168450044295999e-01,1.9085476618397554e+00,9.1174505595733302e-01,2.9246043639284478e-10
0.5,1,2.0470071808431001e-01,1.9195347221537205e+00,9.1565949828699755e-01,-5.0068392745605266e-11
0.5,1,2.0769471356229999e-01,1.9297590489129637e+00,9.1942906211467046e-01,-3.7475622202336626e-11
0.5,1,2.0999999999999999e-01,1.9371663222572622e+00,9.2225369275937619e-01,-7.4623738007698282e-11
0.5,1,2.1090360656355001e-01,1.9399589728907263e+00,9.2334256285680794e-01,-3.9891156626523940e-11
0.5,1,2.1472039774164001e-01,1.9510640473277849e+00,9.2782924355580843e-01,-3.7256126832640091e-11
0.5,1,2.2031137171053000e-01,1.9653039291768046e+00,9.3407736457837309e-01,-4.0544838172248482e-11
0.5,1,2.3554467505924001e-01,1.9917564005344535e+00,9.4920904371181036e-01,-4.4564104491974293e-11
0.5,1,2.6331406107417998e-01,1.9930059691841449e+00,9.7009695044813005e-01,-4.5679666639704668e-11
0.5,1,2.9123272772552000e-01,1.9332558202072372e+00,9.8309826306539705e-01,-4.6034905835579316e-11
0.5,1,3.1915440935221001e-01,1.8141528753308009e+00,9.8879200057345107e-01,-4.5983999234223397e-11
0.5,1,3.4707707803903998e-01,1.6393495736369874e+00,9.8779124337426882e-01,-4.5840182467256319e-11
0.5,1,3.7500006980861000e-01,1.4142129420699943e+00,9.8063964424133010e-01,-4.5553911285867936e-11
0.5,1,4.0292316732166000e-01,1.1456557880007894e+00,9.6782863834576693e-01,-4.4657003352236704e-11
0.5,1,4.3084629944330000e-01,8.4192383296158635e-01,9.4980965368284753e-01,-4.3449186036767788e-11
0.5,1,4.5876944289180999e-01,5.1234257634044289e-01,9.2700273098628072e-01,-4.2507242326101573e-11
0.5,1,4.8669259004745002e-01,1.6703106413159077e-01,8.9980265614831756e-01,-4.1199775789059739e-11
0.5,1,5.1461573841636998e-01,-1.8340873952054076e-01,8.6858336905151767e-01,-3.9340518698393495e-11
0.5,1,5.4253888718236998e-01,-5.2821743516594799e-01,8.3370116376038539e-01,-3.7981830185065523e-11
0.5,1,5.7046203607834001e-01,-8.5680851876037867e-01,7.9549702852717252e-01,-3.5940080507446072e-11
0.5,1,5.9838518501684002e-01,-1.1590934102498691e+00,7.5429836484018686e-01,-3.3799580047630525e-11
0.5,1,6.2630833396925001e-01,-1.4257911971034622e+00,7.1042025263456021e-01,-3.1437072673315002e-11
0.5,1,6.5423148292623001e-01,-1.6487135813371407e+00,6.6416638044394616e-01,-2.9573587910765938e-11
0.5,1,6.8215463188470005e-01,-1.8210162808366870e+00,6.1582972627725285e-01,-2.7361957103016048e-11
0.5,1,7.1007778084365003e-01,-1.9374091661049722e+00,5.6569305208022269e-01,-2.5276616734003473e-11
0.5,1,7.3800092975548004e-01,-1.9943186805793756e+00,5.1402925853540649e-01,-2.2724965675744719e-11
0.5,1,7.6569877286032995e-01,-1.9902783720372617e+00,4.6153369655436799e-01,-2.0050075010741944e-11
0.5,1,7.8004734995216995e-01,-1.9644629194389109e+00,4.3394651804935946e-01,-1.8242125119840672e-11
0.5,1,7.8548976326381004e-01,-1.9504817116879165e+00,4.2342148464091023e-01,-1.7032204283491699e-11
0.5,1,7.8926267591822996e-01,-1.9394497590990112e+00,4.1610640077065086e-01,-2.0062974461731395e-11
0.5,1,7.9000000000000004e-01,-1.9371663222572622e+00,4.1467512791537975e-01,-2.1791421651870897e-11
0.5,1,7.9245504555687996e-01,-1.9292638255903618e+00,4.0990544896416192e-01,-1.6421918800020772e-11
0.5,1,7.9544584466907997e-01,-1.9190167482370011e+00,4.0408678379830848e-01,-1.1391197381389236e-11
0.5,1,7.9846998042984996e-01,-1.9079664533636878e+00,3.9819449114669531e-01,-4.3175603119667523e-12
0.5,1,8.0000000000000004e-01,-1.9021130325903073e+00,3.9521012272552158e-01,-3.5710228325587157e-11
0.5,1,8.0178339251719000e-01,-1.8950684542764640e+00,3.9172883789995977e-01,-1.3176925896084181e-10
0.5,1,8.0587304356389000e-01,-1.8780169549109975e+00,3.8373485797413970e-01,-2.6558640447888296e-10
0.5,1,8.1248104556058998e-01,-1.8478502027152817e+00,3.7078823801298566e-01,-2.8965343906716128e-10
0.5,1,8.3246805040218996e-01,-1.7374619158124747e+00,3.3142208253381167e-01,4.5886770891555301e-10
0.5,1,8.6038425520441997e-01,-1.5379440722141020e+00,2.7605892853642761e-01,1.0018615279147667e-09
0.5,1,8.8830740416347997e-01,-1.2911642302201971e+00,2.2046175439638549e-01,3.5411246526148446e-10
0.5,1,9.1623055312257995e-01,-1.0047423745775936e+00,1.6485767354140710e-01,-6.4846602565200393e-10
0.5,1,9.4415370208168004e-01,-6.8747238204126881e-01,1.0945087603156210e-01,-1.1557199778565576e-09
0.5,1,9.7207685104079000e-01,-3.4909524533687020e-01,5.4436373747902882e-02,-8.5544376435704307e-10
0.5,2,2.6629423107500001e-03,3.3461958661328464e-02,8.8807090070757350e-02,3.3911155449747454e-09
0.5,2,5.6083514067900003e-03,7.0462037628761284e-02,1.4448670562342289e-01,5.2765920893078689e-09
0.5,2,8.8984512525800002e-03,1.1176298662650526e-01,1.9136617232353251e-01,6.5088800835404082e-09
0.5,2,1.2617039661060000e-02,1.5838437877755582e-01,2.3475733624910874e-01,7.1837270559874044e-09
0.5,2,1.6879899680540000e-02,2.1172162424936303e-01,2.7708115143874334e-01,7.2518296853966471e-09
0.5,2,2.1851675495220001e-02,2.7373434021836679e-01,3.1993797550496150e-01,6.5862385004456933e-09
0.5,2,2.7773702681290001e-02,3.4724592402966920e-01,3.6471979972648355e-01,4.9958747089968782e-09
0.5,2,3.5009934414730000e-02,4.3640831494010718e-01,4.1289535213656203e-01,2.2461097417648547e-09
0.5,2,4.4117636043569997e-02,5.4732584700656772e-01,4.6616022286176262e-01,-1.8415502843687082e-09
0.5,2,5.5925516984260001e-02,6.8840713367503115e-01,5.2633221320861179e-01,-7.0102607016748323e-09
0.5,2,7.1482081546720005e-02,8.6837326585008057e-01,5.9443631050527146e-01,-1.1498473706800379e-08
0.5,2,9.1508672021990006e-02,1.0876124208783728e+00,6.6836768472566011e-01,-1.0699253426818830e-08
0.5,2,1.1546734223650000e-01,1.3270232713037959e+00,7.4156919066902172e-01,-6.4119690502420784e-10
0.5,2,1.4178483814833001e-01,1.5552260267599893e+00,8.0708726986848356e-01,1.0765985648090852e-08
0.5,2,1.6912108097739001e-01,1.7472657787906178e+00,8.6174170040250297e-01,5.4764709806159059e-09
0.5,2,1.8818849819024000e-01,1.8510527130453833e+00,8.9294649102827517e-01,-4.8282338680935415e-09
0.5,2,1.9504754366648999e-01,1.8819638333661923e+00,9.0290936262499666e-01,-3.2764587870274155e-09
0.5,2,1.9992119614289999e-01,1.9018067865613972e+00,9.0960194216459889e-01,9.1988462387066950e-10
0.5,2,2.0000000000000001e-01,1.9021130325903071e+00,9.0970756781702578e-01,1.0175337798120317e-09
0.5,2,2.0477271293211000e-01,1.9197885661591407e+00,9.1595321199968005e-01,1.6310556464731320e-11
0.5,2,2.1149713531746001e-01,1.9417592878326628e+00,9.2425570935438139e-01,-2.9594595897833412e-11
0.5,2,2.3008489216233000e-01,1.9843628241435507e+00,9.4430340719495998e-01,-3.0921941405798094e-11
0.5,2,2.5797024550080999e-01,1.9974926649598970e+00,9.6692936383813521e-01,-3.1225403107721994e-11
0.5,2,2.8328822087591998e-01,1.9564129879861238e+00,9.8039078366825150e-01,-2.8890695901918640e-11
0.5,2,2.9278795399282997e-01,1.9281568457177891e+00,9.8382772655454853e-01,-2.3565159248796030e-11
0.5,2,2.9807969663473000e-01,1.9094313636880040e+00,9.8537601936795394e-01,-1.9445519325344326e-11
0.5,2,2.9999999999999999e-01,1.9021130325903073e+00,9.8587421590578139e-01,-7.5986795682563132e-11
0.5,2,3.0278821054638000e-01,1.8909944644876684e+00,9.8653781977717714e-01,-1.8683143116920059e-11
0.5,2,3.0839117902671997e-01,1.8669002282771843e+00,9.8765955369713954e-01,-2.4784560797339283e-11
0.5,2,3.2010253371488001e-01,1.8091051227476476e+00,9.8910900209038932e-01,-2.9935601863770523e-11
0.5,2,3.4707707957480000e-01,1.6393495625819978e+00,9.8803394566577385e-01,-3.1153577756760692e-11
0.5,2,3.7500006980860001e-01,1.4142129420700835e+00,9.8087759647164985e-01,-3.1352408486100746e-11
0.5,2,4.0292316732166000e-01,1.1456557880007894e+00,9.6806064960807303e-01,-3.0614152229063816e-11
0.5,2,4.3084629944329000e-01,8.4192383296169993e-01,9.5003464225516299e-01,-2.9451451434045581e-11
0.5,2,4.5876944289180999e-01,5.1234257634044289e-01,9.2721971610290899e-01,-2.8832387589126983e-11
0.5,2,4.8669259004745002e-01,1.6703106413159077e-01,9.0001075144498888e-01,-2.7930569264046016e-11
0.5,2,5.1461573841635999e-01,-1.8340873952041517e-01,8.6878177705935244e-01,-2.6821070886271631e-11
0.5,2,5.4253888718236998e-01,-5.2821743516594799e-01,8.3388917117325179e-01,-2.5721464210924291e-11
0.5,2,5.7046203607833001e-01,-8.5680851876026476e-01,7.9567400204598182e-01,-2.4088375891333810e-11
0.5,2,5.9838518501683002e-01,-1.1590934102497670e+00,7.5446374745130063e-01,-2.2862190784988298e-11
0.5,2,6.2630833396925001e-01,-1.4257911971034622e+00,7.1057356021789719e-01,-2.1426799301377535e-11
0.5,2,6.5423147925955005e-01,-1.6487135552543863e+00,6.6430720486157668e-01,-1.9592650030155230e-11
0.5,2,6.8086976518530995e-01,-1.8142807380499477e+00,6.1822748895341695e-01,-1.7179064653131745e-11
0.5,2,6.9192641052415005e-01,-1.8683280923519743e+00,5.9861479365837544e-01,-1.4294403866973944e-11
0.5,2,6.9743926334449002e-01,-1.8919233533683300e+00,5.8873595429417136e-01,-1.3452357528464522e-11
0.5,2,6.9999999999999996e-01,-1.9021130325903071e+00,5.8412531702566461e-01,-3.6253027225444535e-11
0.5,2,7.0214390728731002e-01,-1.9102654764617029e+00,5.8025467627204097e-01,-1.2837424538927598e-11
0.5,2,7.0750768364614003e-01,-1.9291403130736178e+00,5.7052945200345151e-01,-1.2679692105792218e-11
0.5,2,7.1750374533018002e-01,-1.9584551649273096e+00,5.5225264265060903e-01,-1.5086155857752930e-11
0.5,2,7.4334631185935995e-01,-1.9982524831783699e+00,5.0414013817143311e-01,-1.4694846816999049e-11
0.5,2,7.7123231986944996e-01,-1.9822290587443865e+00,4.5105647772366214e-01,-1.3340095092528410e-11
0.5,2,7.8894654169335998e-01,-1.9404160560841150e+00,4.1683609022782853e-01,-1.1637021809901098e-11
0.5,2,7.9548698326171996e-01,-1.9188710659965140e+00,4.0411892997937482e-01,-4.4608717443714535e-12
0.5,2,8.0000000000000004e-01,-1.9021130325903073e+00,3.9531981926450183e-01,-5.8675938512955241e-11
0.5,2,8.0031093738209003e-01,-1.9009019644083223e+00,3.9471289273198990e-01,-8.0578423745824681e-11
0.5,2,8.0522492722139005e-01,-1.8808022098958859e+00,3.8510945890237419e-01,-3.0746804658992991e-10
0.5,2,8.1232331718397000e-01,-1.8486075836540132e+00,3.7120047654985483e-01,-3.4937317523460143e-10
0.5,2,8.3246802078128002e-01,-1.7374621001707924e+00,3.3151363902142567e-01,5.4405185057055669e-10
0.5,2,8.6038425520441997e-01,-1.5379440722141020e+00,2.7613511672731855e-01,1.1853015065749068e-09
0.5,2,8.8830740416347997e-01,-1.2911642302201971e+00,2.2052258241358150e-01,4.2097406081223505e-10
0.5,2,9.1623055312257995e-01,-1.0047423745775936e+00,1.6490315047588708e-01,-7.6227684999378312e-10
0.5,2,9.4415370208168004e-01,-6.8747238204126881e-01,1.0948106435838535e-01,-1.3614207979222016e-09
0.5,2,9.7207685104079000e-01,-3.4909524533687020e-01,5.4451386909820688e-02,-1.0081184402781681e-09
0.5,3,2.6629423107500001e-03,3.3461958661328464e-02,8.8581468775187605e-02,3.6368697928226924e-09
0.5,3,5.6083514067900003e-03,7.0462037628761284e-02,1.4411962439392972e-01,5.7680668518702898e-09
0.5,3,8.8984512525800002e-03,1.1176298662650526e-01,1.9087998649214355e-01,7.3392974718334522e-09
0.5,3,1.2617039661070001e-02,1.5838437877768111e-01,2.3416090510973198e-01,8.4941841711482172e-09
0.5,3,1.6879899680540000e-02,2.1172162424936303e-01,2.7637718233820774e-01,9.2278708002261977e-09
0.5,3,2.1851675495230000e-02,2.7373434021849125e-01,3.1912510788343218e-01,9.4559047229101202e-09
0.5,3,2.7773702681300000e-02,3.4724592402979293e-01,3.6379313316762252e-01,9.0146075456684272e-09
0.5,3,3.5009934414739999e-02,4.3640831494022975e-01,4.1184624898528904e-01,7.6376478179219289e-09
0.5,3,4.4117636043590001e-02,5.4732584700680942e-01,4.6497572725413244e-01,4.9287565683330405e-09
0.5,3,5.5925516984289998e-02,6.8840713367538509e-01,5.2499473191498880e-01,4.0670642079902701e-10
0.5,3,7.1482081546760001e-02,8.6837326585053332e-01,5.9292561297232416e-01,-6.0865734837523049e-09
0.5,3,9.1508672022050000e-02,1.0876124208790054e+00,6.6666884148530081e-01,-1.3111596944092800e-08
0.5,3,1.1546734223658001e-01,1.3270232713045480e+00,7.3968389355294661e-01,-1.6585268814275158e-08
0.5,3,1.4178483814876999e-01,1.5552260267634657e+00,8.0503487121323614e-01,-1.2684208019077713e-08
0.5,3,1.6913546231307000e-01,1.7473537079931905e+00,8.5957512749347686e-01,-2.3122524332717177e-09
0.5,3,1.9686543861250999e-01,1.8895727241225799e+00,9.0313025453026774e-01,9.0253078348853417e-09
0.5,3,2.2472471303375999e-01,1.9748325636803781e+00,9.3654532149249958e-01,1.4648707771819370e-08
0.5,3,2.5262688582923998e-01,1.9997275842125573e+00,9.6079409309494590e-01,1.0603002089744901e-08
0.5,3,2.8054316196821000e-01,1.9632840779959226e+00,9.7674797342793462e-01,-1.2738133416601665e-09
0.5,3,3.0846406074004001e-01,1.8665715074263631e+00,9.8515339699374394e-01,-1.2513056352737308e-08
0.5,3,3.3638647316017001e-01,1.7125498493758886e+00,9.8665436180226240e-01,-1.1494488557783432e-08
0.5,3,3.6430800099005001e-01,1.5059586529564908e+00,9.8181782924398842e-01,5.9023944622029387e-09
0.5,3,3.8641397316478998e-01,1.3092433523201625e+00,9.7383883458773002e-01,1.3592560856017929e-08
0.5,3,3.9410946084310999e-01,1.2346373742011878e+00,9.7025144435811317e-01,4.9957428423397141e-09
0.5,3,3.9902980867269999e-01,1.1854119618001515e+00,9.6774510186472740e-01,-5.1422038991081648e-09
0.5,3,4.0000000000000002e-01,1.1755705045849465e+00,9.6723159835692107e-01,-7.6831745470736983e-09
0.5,3,4.0343008402489000e-01,1.1404285671726930e+00,9.6536547900743164e-01,-5.6400336361728335e-10
0.5,3,4.0793383974164998e-01,1.0934849150899497e+00,9.6279646471872116e-01,4.1484232916830921e-11
0.5,3,4.1257400146050000e-01,1.0442041210209745e+00,9.6001042048958019e-01,-2.6434176562286477e-13
0.5,3,4.1705389410707000e-01,9.9578292705034555e-01,9.5718837054961070e-01,-1.8697640530928130e-11
0.5,3,4.1999999999999998e-01,9.6350734820343120e-01,9.5526259402262348e-01,7.4297920151845422e-11
0.5,3,4.2146939370566999e-01,9.4728555895518418e-01,9.5428154739878879e-01,-8.3571615441455343e-12
0.5,3,4.2652292819600002e-01,8.9088789356351716e-01,9.5080387901650876e-01,-8.6203053625060421e-12
0.5,3,4.3497464075835002e-01,7.9458823538261036e-01,9.4463416429663749e-01,-1.7866874116201250e-12
0.5,3,4.5876970340984002e-01,5.1233941181461784e-01,9.2496178004921381e-01,4.6616735452142738e-12
0.5,3,4.8669259004766002e-01,1.6703106412896121e-01,8.9782566786608942e-01,5.2635293398269967e-12
0.5,3,5.1461573841659003e-01,-1.8340873952329401e-01,8.6667875115350601e-01,5.2932087305537475e-12
0.5,3,5.4253834980929005e-01,-5.2821092210693199e-01,8.3187747538692169e-01,4.4868666717972055e-12
0.5,3,5.6564126607889997e-01,-8.0168493594697643e-01,8.0057264495053837e-01,-2.5860008350260641e-12
0.5,3,5.7374928982385998e-01,-8.9394925811589299e-01,7.8908950149466894e-01,-9.8249494240450989e-12
0.5,3,5.7874348245076002e-01,-9.4964070005409340e-01,7.8189244902669353e-01,9.8523064672709128e-13
0.5,3,5.7999999999999996e-01,-9.6350734820342998e-01,7.8006710933216927e-01,6.4335738832234650e-11
0.5,3,5.8315158829742997e-01,-9.9802145423559474e-01,7.7546317360190076e-01,-1.7652547465003913e-11
0.5,3,5.8764151968817002e-01,-1.0465130418718855e+00,7.6884161332737544e-01,-4.3812804205376453e-12
0.5,3,5.9228226261845995e-01,-1.0957576992432385e+00,7.6192175220461666e-01,-3.6503635613906762e-11
0.5,3,5.9677578039675006e-01,-1.1425527969147207e+00,7.5514926471395238e-01,2.1405873845812309e-10
0.5,3,5.9999999999999998e-01,-1.1755705045849461e+00,7.5024685811940883e-01,4.1263396787622610e-09
0.5,3,6.0118160630449002e-01,-1.1875506870039894e+00,7.4844136065682798e-01,4.5960428985653370e-09
0.5,3,6.0615583372547999e-01,-1.2372583941971593e+00,7.4078890182104751e-01,4.9801168251772005e-09
0.5,3,6.1415068340199996e-01,-1.3145991305248754e+00,7.2831753368122409e-01,1.9212996934686868e-09
0.5,3,6.3699975367719996e-01,-1.5167218129002062e+00,6.9154966751364222e-01,-1.7228815151043437e-08
0.5,3,6.6492221249103001e-01,-1.7209862570361845e+00,6.4456845243410865e-01,-2.3637881444141734e-08
0.5,3,6.9284536144976006e-01,-1.8724177152711707e+00,5.9561661732485405e-01,-9.3205335869072312e-09
0.5,3,7.2076851040880996e-01,-1.9663612049859378e+00,5.4497366342475639e-01,1.1703961315587642e-08
0.5,3,7.4869165936791005e-01,-1.9999324229935576e+00,4.9290822208267565e-01,2.6524115220432437e-08
0.5,3,7.7661480832702001e-01,-1.9721006478322551e+00,4.3967940806063971e-01,2.8928803224273209e-08
0.5,3,8.0453795728612998e-01,-1.8837203855245419e+00,3.8553696681591021e-01,1.9351475550405928e-08
0.5,3,8.3246110624523995e-01,-1.7375051340768282e+00,3.3072137062146123e-01,2.5492977833597044e-09
0.5,3,8.6038425520435002e-01,-1.5379440722146642e+00,2.7546387773972825e-01,-1.5141508601990001e-08
0.5,3,8.8830740416345999e-01,-1.2911642302203885e+00,2.1998656571214079e-01,-2.8068691034646350e-08
0.5,3,9.1623055312255997e-01,-1.0047423745778101e+00,1.6450234741540273e-01,-3.2694511887764448e-08
0.5,3,9.4415370208167004e-01,-6.8747238204138716e-01,1.0921497667300610e-01,-2.8158917524138718e-08
0.5,3,9.7207685104078001e-01,-3.4909524533699438e-01,5.4319048760147655e-02,-1.6108304213114593e-08
1,1,0.0000000000000000e+00,0.0000000000000000e+00,6.2107824859013508e+03,3.2913204124542825e-07
1,1,2.6629423107500001e-03,3.3461958661328464e-02,6.1868649946171763e+03,5.5451122076261848e-08
1,1,5.6083514067900003e-03,7.0462037628761284e-02,6.1604797419133583e+03,-1.5145742430363800e-07
1,1,8.8984512525800002e-03,1.1176298662650526e-01,6.1310765919019595e+03,-3.0585738272497930e-07
1,1,1.2617039661060000e-02,1.5838437877755582e-01,6.0979298543679815e+03,-4.0490764981217080e-07
1,1,1.6879899680540000e-02,2.1172162424936303e-01,6.0600420670352260e+03,-4.4337577140860758e-07
1,1,2.1851675495220001e-02,2.7373434021836679e-01,6.0160014324716185e+03,-4.1598496591643079e-07
1,1,2.7773702681290001e-02,3.4724592402966920e-01,5.9637498648623359e+03,-3.2006371488817503e-07
1,1,3.5009934414730000e-02,4.3640831494010718e-01,5.9002056138851440e+03,-1.6114846154603768e-07
1,1,4.4117636043569997e-02,5.4732584700656772e-01,5.8206974385804142e+03,3.4676493265833324e-08
1,1,5.5925516984260001e-02,6.8840713367503115e-01,5.7183913116925469e+03,1.9765581731910109e-07
1,1,7.1482081546710000e-02,8.6837326584996721e-01,5.5849296320256017e+03,1.9690178314833948e-07
1,1,9.1508672021990006e-02,1.0876124208783728e+00,5.4153247178340534e+03,-6.1038930762562155e-08
1,1,1.1546734223650000e-01,1.3270232713037959e+00,5.2156778929984575e+03,-3.2538923755643195e-07
1,1,1.4178483814833001e-01,1.5552260267599893e+00,5.0004547087300989e+03,-1.4779681378288129e-07
1,1,1.6912100510993000e-01,1.7472653148900836e+00,4.7813816832637913e+03,1.8093633949965715e-07
1,1,1.8801171794446001e-01,1.8502103318980931e+00,4.6326881090309980e+03,1.8454026537070348e-08
1,1,1.9436790534976001e-01,1.8790560629124606e+00,4.5831502990491372e+03,-8.2790509610152199e-09
1,1,1.9839499272083000e-01,1.8957838185058971e+00,4.5518891689241500e+03,1.1271623432613904e-08
1,1,2.0000000000000001e-01,1.9021130325903071e+00,4.5394568195142374e+03,3.2324899155519799e-08
1,1,2.0168450044295999e-01,1.9085476618397554e+00,4.5264250678573180e+03,2.4868307295753290e-08
1,1,2.0470071808431001e-01,1.9195347221537205e+00,4.5031324619698935e+03,-2.2595839467579390e-08
1,1,2.0769471356229999e-01,1.9297590489129637e+00,4.4800644496571258e+03,1.1826105013000023e-08
1,1,2.0999999999999999e-01,1.9371663222572622e+00,4.4623387471133219e+03,1.0198793077961430e-08
1,1,2.1090360656355001e-01,1.9399589728907263e+00,4.4553993194164759e+03,-3.5476943340973774e-08
1,1,2.1472039774164001e-01,1.9510640473277849e+00,4.4261400216737529e+03,-1.2123128561951618e-09
1,1,2.2031137171053000e-01,1.9653039291768046e+00,4.3834333968789597e+03,-6.8031256686705609e-09
1,1,2.3554467505924001e-01,1.9917564005344535e+00,4.2679810068476727e+03,1.5562247526157663e-07
1,1,2.6331406107417998e-01,1.9930059691841449e+00,4.0608961082051801e+03,2.4847058432007538e-08
1,1,2.9123272772552000e-01,1.9332558202072372e+00,3.8571531067205196e+03,-9.0949305608352480e-08
1,1,3.1915440935221001e-01,1.8141528753308009e+00,3.6577924547965490e+03,5.7628407840483171e-08
1,1,3.4707707803903998e-01,1.6393495736369874e+00,3.4627660927024235e+03,9.2149220217296738e-08
1,1,3.7500006980861000e-01,1.4142129420699943e+00,3.2720165454451781e+03,1.6236753770608307e-08
1,1,4.0292316732166000e-01,1.1456557880007894e+00,3.0854839356954371e+03,9.4538107665471396e-08
1,1,4.3084629944330000e-01,8.4192383296158635e-01,2.9031081864388148e+03,1.2629541562513568e-07
1,1,4.5876944289180999e-01,5.1234257634044289e-01,2.7248296930482720e+03,4.0476236307661485e-08
1,1,4.8669259004745002e-01,1.6703106413159077e-01,2.5505895128930388e+03,9.4415440151861569e-08
1,1,5.1461573841636998e-01,-1.8340873952054076e-01,2.3803294059158866e+03,1.4941675178232396e-08
1,1,5.4253888718236998e-01,-5.2821743516594799e-01,2.2139918313777252e+03,3.4869115326784106e-08
1,1,5.7046203607834001e-01,-8.5680851876037867e-01,2.0515199333838314e+03,5.6743491453696603e-08
1,1,5.9838518501684002e-01,-1.1590934102498691e+00,1.8928575248941938e+03,1.3118806371257675e-07
1,1,6.2630833396925001e-01,-1.4257911971034622e+00,1.7379490728049514e+03,3.6813665487721707e-08
1,1,6.5423148292623001e-01,-1.6487135813371407e+00,1.5867396845606304e+03,2.7199188015321712e-08
1,1,6.8215463188470005e-01,-1.8210162808366870e+00,1.4391750961770181e+03,-1.0386280026124330e-08
1,1,7.1007778084365003e-01,-1.9374091661049722e+00,1.2952016614382228e+03,3.1059550595623004e-08
1,1,7.3800092975548004e-01,-1.9943186805793756e+00,1.1547663422818464e+03,4.3037426365389129e-08
1,1,7.6569877286032995e-01,-1.9902783720372617e+00,1.0189082827066263e+03,4.1776548258549414e-08
1,1,7.8004734995216995e-01,-1.9644629194389109e+00,9.4986855533648941e+02,2.2762223573220961e-08
1,1,7.8548976326381004e-01,-1.9504817116879165e+00,9.2391846253378867e+02,1.4961328002374838e-08
1,1,7.8926267591822996e-01,-1.9394497590990112e+00,9.0600456850073590e+02,4.4073573246520351e-08
1,1,7.9000000000000004e-01,-1.9371663222572622e+00,9.0251097623444321e+02,4.4155322012879418e-08
1,1,7.9245504555687996e-01,-1.9292638255903618e+00,8.9089548015128184e+02,2.4720933117038746e-08
1,1,7.9544584466907997e-01,-1.9190167482370011e+00,8.7678051956697561e+02,3.8200984335509837e-08
1,1,7.9846998042984996e-01,-1.9079664533636878e+00,8.6254763714869023e+02,2.2956758935116625e-08
1,1,8.0000000000000004e-01,-1.9021130325903073e+00,8.5536179364749125e+02,3.8236618398583388e-08
1,1,8.0178339251719000e-01,-1.8950684542764640e+00,8.4699873552617180e+02,3.6053902619020812e-08
1,1,8.0587304356389000e-01,-1.8780169549109975e+00,8.2787247251800022e+02,3.2371221512275574e-08
1,1,8.1248104556058998e-01,-1.8478502027152817e+00,7.9712057873851563e+02,2.9402500245176811e-08
1,1,8.3246805040218996e-01,-1.7374619158124747e+00,7.0523818380681530e+02,3.3730433213260311e-08
1,1,8.6038425520441997e-01,-1.5379440722141020e+00,5.7973138862086262e+02,3.6190914953866608e-08
1,1,8.8830740416347997e-01,-1.2911642302201971e+00,4.5745558545642388e+02,2.4571106051746635e-08
1,1,9.1623055312257995e-01,-1.0047423745775936e+00,3.3839306717925581e+02,8.4984485680548490e-09
1,1,9.4415370208168004e-01,-6.8747238204126881e-01,2.2249503948060755e+02,-2.1812681376484697e-09
1,1,9.7207685104079000e-01,-3.4909524533687020e-01,1.0971325354184096e+02,-4.0525292954895897e-09
1,2,0.0000000000000000e+00,0.0000000000000000e+00,6.2107876771166893e+03,3.7702318435564455e-07
1,2,2.6629423107500001e-03,3.3461958661328464e-02,6.1868695660509411e+03,1.2049416680375619e-07
1,2,5.6083514067900003e-03,7.0462037628761284e-02,6.1604836312933858e+03,-6.8686406453005741e-08
1,2,8.8984512525800002e-03,1.1176298662650526e-01,6.1310797229089121e+03,-2.0510023283161398e-07
1,2,1.2617039661060000e-02,1.5838437877755582e-01,6.0979321325257306e+03,-2.8648869157692545e-07
1,2,1.6879899680540000e-02,2.1172162424936303e-01,6.0600433730406703e+03,-3.0854807318288245e-07
1,2,2.1851675495220001e-02,2.7373434021836679e-01,6.0160016120454748e+03,-2.6749011307953799e-07
1,2,2.7773702681290001e-02,3.4724592402966920e-01,5.9637487130192276e+03,-1.6303910287239050e-07
1,2,3.5009934414730000e-02,4.3640831494010718e-01,5.9002028502614512e+03,-4.5490124914653909e-09
1,2,4.4117636043569997e-02,5.4732584700656772e-01,5.8206926697420004e+03,1.7614729649552516e-07
1,2,5.5925516984260001e-02,6.8840713367503115e-01,5.7183839816221880e+03,3.0238888427199633e-07
1,2,7.1482081546720005e-02,8.6837326585008057e-01,5.5849189932589461e+03,2.4241047529984277e-07
1,2,9.1508672021990006e-02,1.0876124208783728e+00,5.4153099287133909e+03,-7.0435515471354509e-08
1,2,1.1546734223650000e-01,1.3270232713037959e+00,5.2156582991407613e+03,-3.2407799771596234e-07
1,2,1.4178483814833001e-01,1.5552260267599893e+00,5.0004300370675292e+03,-6.9305759184888867e-08
1,2,1.6912108097739001e-01,1.7472657787906178e+00,4.7813513529239026e+03,2.5656112646565003e-07
1,2,1.8818849819024000e-01,1.8510527130453833e+00,4.6312725637254644e+03,4.5239253858044366e-09
1,2,1.9504754366648999e-01,1.8819638333661923e+00,4.5778315430567354e+03,-1.7131950600023186e-08
1,2,1.9992119614289999e-01,1.9018067865613972e+00,4.5400294435775340e+03,4.7449790366754411e-08
1,2,2.0000000000000001e-01,1.9021130325903071e+00,4.5394193735496992e+03,4.9429973695925758e-08
1,2,2.0477271293211000e-01,1.9197885661591407e+00,4.5025383577149923e+03,-4.4803132859758674e-08
1,2,2.1149713531746001e-01,1.9417592878326628e+00,4.4508021395534333e+03,-1.3317563968571816e-08
1,2,2.3008489216233000e-01,1.9843628241435507e+00,4.3091358034735076e+03,1.1798533081850267e-07
1,2,2.5797024550080999e-01,1.9974926649598970e+00,4.1003091426531710e+03,9.0311611174486762e-08
1,2,2.8328822087591998e-01,1.9564129879861238e+00,3.9145995562511139e+03,-1.4793033810003929e-08
1,2,2.9278795399282997e-01,1.9281568457177891e+00,3.8458818129980596e+03,-5.4828281008324938e-08
1,2,2.9807969663473000e-01,1.9094313636880040e+00,3.8078252628614637e+03,-2.0914236033633621e-08
1,2,2.9999999999999999e-01,1.9021130325903073e+00,3.7940541649402012e+03,-8.4043688003782466e-08
1,2,3.0278821054638000e-01,1.8909944644876684e+00,3.7740958166463292e+03,9.9691291264125982e-08
1,2,3.0839117902671997e-01,1.8669002282771843e+00,3.7341202209960520e+03,2.6455993184175042e-08
1,2,3.2010253371488001e-01,1.8091051227476476e+00,3.6511240967091148e+03,-3.2999470784933919e-08
1,2,3.4707707957480000e-01,1.6393495625819978e+00,3.4627935446315973e+03,-3.9310106129498434e-08
1,2,3.7500006980860001e-01,1.4142129420700835e+00,3.2720414294051270e+03,-3.0793250061685661e-08
1,2,4.0292316732166000e-01,1.1456557880007894e+00,3.0855061130155668e+03,6.5232160740986549e-09
1,2,4.3084629944329000e-01,8.4192383296169993e-01,2.9031275661243326e+03,1.1559394187330234e-08
1,2,4.5876944289180999e-01,5.1234257634044289e-01,2.7248462141810219e+03,-3.8896038618436104e-08
1,2,4.8669259004745002e-01,1.6703106413159077e-01,2.5506031392299042e+03,-1.2072344019713747e-08
1,2,5.1461573841635999e-01,-1.8340873952041517e-01,2.3803401216375250e+03,-3.2058097444331477e-09
1,2,5.4253888718236998e-01,-5.2821743516594799e-01,2.2139996376930894e+03,-1.8743198944325403e-08
1,2,5.7046203607833001e-01,-8.5680851876026476e-01,2.0515248457831640e+03,-4.9637001752028236e-09
1,2,5.9838518501683002e-01,-1.1590934102497670e+00,1.8928595708996161e+03,2.7130006808890128e-08
1,2,6.2630833396925001e-01,-1.4257911971034622e+00,1.7379482901106142e+03,7.7706842907026760e-09
1,2,6.5423147925955005e-01,-1.6487135552543863e+00,1.5867361391041668e+03,-4.5719656877826391e-08
1,2,6.8086976518530995e-01,-1.8142807380499477e+00,1.4458822927253334e+03,-1.7738760864286427e-08
1,2,6.9192641052415005e-01,-1.8683280923519743e+00,1.3883899949739291e+03,8.9642637507120674e-09
1,2,6.9743926334449002e-01,-1.8919233533683300e+00,1.3599343187408560e+03,-1.0731313780872199e-08
1,2,6.9999999999999996e-01,-1.9021130325903071e+00,1.3467638787652377e+03,-1.5255591789441523e-09
1,2,7.0214390728731002e-01,-1.9102654764617029e+00,1.3357602912221912e+03,-5.4105983454252586e-08
1,2,7.0750768364614003e-01,-1.9291403130736178e+00,1.3083222601186892e+03,-7.9566859636686084e-09
1,2,7.1750374533018002e-01,-1.9584551649273096e+00,1.2575356650139258e+03,-1.4383069698935764e-08
1,2,7.4334631185935995e-01,-1.9982524831783699e+00,1.1283080081468788e+03,9.8667088167168352e-09
1,2,7.7123231986944996e-01,-1.9822290587443865e+00,9.9219674594489970e+02,-5.4980691628699033e-09
1,2,7.8894654169335998e-01,-1.9404160560841150e+00,9.0751906230987402e+02,-3.3050956454988534e-08
1,2,7.9548698326171996e-01,-1.9188710659965140e+00,8.7660176567746225e+02,-1.7137287950500628e-08
1,2,8.0000000000000004e-01,-1.9021130325903073e+00,8.5537651692575798e+02,-4.0728054437768865e-09
1,2,8.0031093738209003e-01,-1.9009019644083223e+00,8.5391739215603081e+02,-4.5881898477890947e-09
1,2,8.0522492722139005e-01,-1.8808022098958859e+00,8.3091300985977387e+02,-1.0972656697634650e-08
1,2,8.1232331718397000e-01,-1.8486075836540132e+00,7.9786608581805933e+02,-1.5723637940303764e-08
1,2,8.3246802078128002e-01,-1.7374621001707924e+00,7.0525028786470921e+02,-1.0948256682668654e-08
1,2,8.6038425520441997e-01,-1.5379440722141020e+00,5.7974126254571377e+02,-2.0173383105131656e-10
1,2,8.8830740416347997e-01,-1.2911642302201971e+00,4.5746339874845705e+02,-2.0673988333107777e-10
1,2,9.1623055312257995e-01,-1.0047423745775936e+00,3.3839885921684890e+02,-5.6552288038583808e-09
1,2,9.4415370208168004e-01,-6.8747238204126881e-01,2.2249885342034113e+02,-8.8301702898341620e-09
1,2,9.7207685104079000e-01,-3.4909524533687020e-01,1.0971513584294820e+02,-6.4132025930360071e-09
1,3,0.0000000000000000e+00,0.0000000000000000e+00,6.2022175057614559e+03,1.4047645719459393e-06
1,3,2.6629423107500001e-03,3.3461958661328464e-02,6.1783329014909568e+03,8.2839811848528437e-07
1,3,5.6083514067900003e-03,7.0462037628761284e-02,6.1519839296753653e+03,3.2887875426548696e-07
1,3,8.8984512525800002e-03,1.1176298662650526e-01,6.1226212109523995e+03,-1.0927814246615280e-07
1,3,1.2617039661070001e-02,1.5838437877768111e-01,6.0895200531935398e+03,-4.7651425717324858e-07
1,3,1.6879899680540000e-02,2.1172162424936303e-01,6.0516843660431741e+03,-7.5630529370734652e-07
1,3,2.1851675495230000e-02,2.7373434021849125e-01,6.0077042939307030e+03,-9.2562490917312392e-07
1,3,2.7773702681300000e-02,3.4724592402979293e-01,5.9555245819461079e+03,-9.5397696580444971e-07
1,3,3.5009934414739999e-02,4.3640831494022975e-01,5.8920677189252274e+03,-8.0354641447820667e-07
1,3,4.4117636043590001e-02,5.4732584700680942e-01,5.8126688899474202e+03,-4.3600057954614993e-07
1,3,5.5925516984289998e-02,6.8840713367538509e-01,5.7105034700701026e+03,1.5713688429461036e-07
1,3,7.1482081546760001e-02,8.6837326585053332e-01,5.5772253591676699e+03,8.6456753795523635e-07
1,3,9.1508672022050000e-02,1.0876124208790054e+00,5.4078537461539909e+03,1.3246393600865554e-06
1,3,1.1546734223658001e-01,1.3270232713045480e+00,5.2084815751152009e+03,1.0820491244423031e-06
1,3,1.4178483814876999e-01,1.5552260267634657e+00,4.9935545076147664e+03,1.9022941358722906e-07
1,3,1.6913546231307000e-01,1.7473537079931905e+00,4.7746682298687601e+03,-7.1967548925791390e-07
1,3,1.9686543861250999e-01,1.8895727241225799e+00,4.5573436482210409e+03,-1.0524312373250591e-06
1,3,2.2472471303375999e-01,1.9748325636803781e+00,4.3435993392338250e+03,-6.6840676111010337e-07
1,3,2.5262688582923998e-01,1.9997275842125573e+00,4.1340725880700402e+03,9.6608554052585988e-08
1,3,2.8054316196821000e-01,1.9632840779959226e+00,3.9289266945506047e+03,6.6789009624675050e-07
1,3,3.0846406074004001e-01,1.8665715074263631e+00,3.7281704691911928e+03,5.9300629886191008e-07
1,3,3.3638647316017001e-01,1.7125498493758886e+00,3.5317636844698532e+03,-1.0554985352278568e-07
1,3,3.6430800099005001e-01,1.5059586529564908e+00,3.3396604914065665e+03,-7.5630781825994515e-07
1,3,3.8641397316478998e-01,1.3092433523201625e+00,3.1905963013846631e+03,-4.5523836432041831e-07
1,3,3.9410946084310999e-01,1.2346373742011878e+00,3.1393312829723163e+03,-1.0257856881998449e-07
1,3,3.9902980867269999e-01,1.1854119618001515e+00,3.1067198219225534e+03,1.8353594219261631e-07
1,3,4.0000000000000002e-01,1.1755705045849465e+00,3.1003048163379231e+03,2.4481378292205718e-07
1,3,4.0343008402489000e-01,1.1404285671726930e+00,3.0776648184435744e+03,-2.3589368538593151e-08
1,3,4.0793383974164998e-01,1.0934849150899497e+00,3.0480330044155289e+03,-4.0142043622603085e-08
1,3,4.1257400146050000e-01,1.0442041210209745e+00,3.0176162471988291e+03,-1.0859545771752758e-07
1,3,4.1705389410707000e-01,9.9578292705034555e-01,2.9883582018306865e+03,-1.0610786116144634e-08
1,3,4.1999999999999998e-01,9.6350734820343120e-01,2.9691751343015512e+03,-7.1200936854609508e-08
1,3,4.2146939370566999e-01,9.4728555895518418e-01,2.9596245591322627e+03,-5.2307795494948580e-08
1,3,4.2652292819600002e-01,8.9088789356351716e-01,2.9268647053329614e+03,-7.7699680797740518e-09
1,3,4.3497464075835002e-01,7.9458823538261036e-01,2.8723746321580370e+03,-4.7851177706686605e-08
1,3,4.5876970340984002e-01,5.1233941181461784e-01,2.7209352780043923e+03,-7.0987324452491786e-08
1,3,4.8669259004766002e-01,1.6703106412896121e-01,2.5469425024887018e+03,-3.5586460345932212e-08
1,3,5.1461573841659003e-01,-1.8340873952329401e-01,2.3769226533958658e+03,-4.7870166380203005e-08
1,3,5.4253834980929005e-01,-5.2821092210693199e-01,2.2108230638614359e+03,-2.8526474875807423e-08
1,3,5.6564126607889997e-01,-8.0168493594697643e-01,2.0763246783895161e+03,-5.0936296381641033e-08
1,3,5.7374928982385998e-01,-8.9394925811589299e-01,2.0297490749926178e+03,-1.8595870386146831e-08
1,3,5.7874348245076002e-01,-9.4964070005409340e-01,2.0012202099450378e+03,-5.8165573341601696e-08
1,3,5.7999999999999996e-01,-9.6350734820342998e-01,1.9940615967594549e+03,-6.1729879119841023e-08
1,3,5.8315158829742997e-01,-9.9802145423559474e-01,1.9761400611469364e+03,-6.1746517243660725e-08
1,3,5.8764151968817002e-01,-1.0465130418718855e+00,1.9506910247260730e+03,6.8709427557436906e-10
1,3,5.9228226261845995e-01,-1.0957576992432385e+00,1.9244895535526723e+03,2.1036348965501962e-08
1,3,5.9677578039675006e-01,-1.1425527969147207e+00,1.8992182539174046e+03,-3.5626214047236208e-08
1,3,5.9999999999999998e-01,-1.1755705045849461e+00,1.8811453176249918e+03,-6.6914105483294523e-08
1,3,6.0118160630449002e-01,-1.1875506870039894e+00,1.8745344981932878e+03,-6.0912200053822929e-08
1,3,6.0615583372547999e-01,-1.2372583941971593e+00,1.8467780521345444e+03,-3.9677409541607603e-08
1,3,6.1415068340199996e-01,-1.3145991305248754e+00,1.8024138631196315e+03,-1.6201695070949234e-08
1,3,6.3699975367719996e-01,-1.5167218129002062e+00,1.6772815375946275e+03,2.9939120857295333e-09
1,3,6.6492221249103001e-01,-1.7209862570361845e+00,1.5276904594540865e+03,-1.1282748971450991e-08
1,3,6.9284536144976006e-01,-1.8724177152711707e+00,1.3817146013136703e+03,-4.0489306611139616e-08
1,3,7.2076851040880996e-01,-1.9663612049859378e+00,1.2393043769923863e+03,-6.7518344718832830e-08
1,3,7.4869165936791005e-01,-1.9999324229935576e+00,1.1004070591587752e+03,-7.9444159757246635e-08
1,3,7.7661480832702001e-01,-1.9721006478322551e+00,9.6497051461368915e+02,-7.0612238913482828e-08
1,3,8.0453795728612998e-01,-1.8837203855245419e+00,8.3294319613919390e+02,-4.3628117733367213e-08
1,3,8.3246110624523995e-01,-1.7375051340768282e+00,7.0427413481516635e+02,-7.1361802803477724e-09
1,3,8.6038425520435002e-01,-1.5379440722146642e+00,5.7891293272797577e+02,2.7991893876184604e-08
1,3,8.8830740416345999e-01,-1.2911642302203885e+00,4.5680975601110924e+02,5.2328379293233901e-08
1,3,9.1623055312255997e-01,-1.0047423745778101e+00,3.3791532817004867e+02,6.0358152514715623e-08
1,3,9.4415370208167004e-01,-6.8747238204138716e-01,2.2218092365286549e+02,5.1392607232681399e-08
1,3,9.7207685104078001e-01,-3.4909524533699438e-01,1.0955836163618893e+02,2.9087313239118855e-08
1.5,1,0.0000000000000000e+00,0.0000000000000000e+00,2.2532704548944599e+04,-9.5696635019798044e-05
1.5,1,2.6629423107500001e-03,3.3461958661328464e-02,2.1223318962666734e+04,-5.6228907776920167e-05
1.5,1,5.6083514067900003e-03,7.0462037628761284e-02,2.0418849733622919e+04,1.1390773846791569e-05
1.5,1,8.8984512525800002e-03,1.1176298662650526e-01,1.9749957758215267e+04,3.5622735769911251e-05
1.5,1,1.2617039661060000e-02,1.5838437877755582e-01,1.9137257084985366e+04,3.6493088651726684e-05
1.5,1,1.6879899680540000e-02,2.1172162424936303e-01,1.8545127933085543e+04,2.8214162154327280e-05
1.5,1,2.1851675495220001e-02,2.7373434021836679e-01,1.7950527624621402e+04,1.9313171941743070e-05
1.5,1,2.7773702681290001e-02,3.4724592402966920e-01,1.7333838170737625e+04,1.4123391118688016e-05
1.5,1,3.5009934414730000e-02,4.3640831494010718e-01,1.6674597942018270e+04,1.3378647012903542e-05
1.5,1,4.4117636043569997e-02,5.4732584700656772e-01,1.5949029344561801e+04,1.4211574723687296e-05
1.5,1,5.5925516984260001e-02,6.8840713367503115e-01,1.5130530649666205e+04,1.0613391066968337e-05
1.5,1,7.1482081546710000e-02,8.6837326584996721e-01,1.4199949121833928e+04,-2.4239781188005584e-06
1.5,1,9.1508672021990006e-02,1.0876124208783728e+00,1.3174142746256308e+04,-1.8423147257063490e-05
1.5,1,1.1546734223650000e-01,1.3270232713037959e+00,1.2124681628477803e+04,-2.3091282587235499e-05
1.5,1,1.4178483814833001e-01,1.5552260267599893e+00,1.1131034108354877e+04,-2.2981636149073129e-05
1.5,1,1.6912100510993000e-01,1.7472653148900836e+00,1.0229187371369964e+04,-1.0885168502928682e-05
1.5,1,1.8801171794446001e-01,1.8502103318980931e+00,9.6669559324422153e+03,1.2917389375730406e-05
1.5,1,1.9436790534976001e-01,1.8790560629124606e+00,9.4873834928507149e+03,1.2084557552974672e-06
1.5,1,1.9839499272083000e-01,1.8957838185058971e+00,9.3759235667288576e+03,-1.6244691603055338e-05
1.5,1,2.0000000000000001e-01,1.9021130325903071e+00,9.3319853616342989e+03,-2.6266063272558873e-05
1.5,1,2.0168450044295999e-01,1.9085476618397554e+00,9.2861624674584509e+03,3.1209950897081412e-07
1.5,1,2.0470071808431001e-01,1.9195347221537205e+00,9.2048474513266083e+03,-2.4851017761316045e-05
1.5,1,2.0769471356229999e-01,1.9297590489129637e+00,9.1250456365034242e+03,-1.1543126746416262e-05
1.5,1,2.0999999999999999e-01,1.9371663222572622e+00,9.0642086823630143e+03,-9.6240369989471779e-06
1.5,1,2.1090360656355001e-01,1.9399589728907263e+00,9.0405044923587575e+03,-2.9890812419817170e-06
1.5,1,2.1472039774164001e-01,1.9510640473277849e+00,8.9412476139474602e+03,-1.2789754954222717e-05
1.5,1,2.2031137171053000e-01,1.9653039291768046e+00,8.7983270712178273e+03,-7.3938631592098858e-06
1.5,1,2.3554467505924001e-01,1.9917564005344535e+00,8.4230232347051569e+03,1.2824668768188158e-05
1.5,1,2.6331406107417998e-01,1.9930059691841449e+00,7.7866456914636265e+03,-1.9003997268435945e-06
1.5,1,2.9123272772552000e-01,1.9332558202072372e+00,7.2007853285685305e+03,2.5258164849576821e-05
1.5,1,3.1915440935221001e-01,1.8141528753308009e+00,6.6611680539477238e+03,2.7900524084821328e-06
1.5,1,3.4707707803903998e-01,1.6393495736369874e+00,6.1617008957794933e+03,1.4833340083602247e-05
1.5,1,3.7500006980861000e-01,1.4142129420699943e+00,5.6974609278633752e+03,6.7099094454965690e-06
1.5,1,4.0292316732166000e-01,1.1456557880007894e+00,5.2644131786368580e+03,2.1057371711909993e-05
1.5,1,4.3084629944330000e-01,8.4192383296158635e-01,4.8592049373622895e+03,7.2060956291217708e-06
1.5,1,4.5876944289180999e-01,5.1234257634044289e-01,4.4790158406530381e+03,9.1977356483727070e-06
1.5,1,4.8669259004745002e-01,1.6703106413159077e-01,4.1214472976954230e+03,-6.6346830520777044e-06
1.5,1,5.1461573841636998e-01,-1.8340873952054076e-01,3.7844396430688889e+03,-5.3075078408730511e-07
1.5,1,5.4253888718236998e-01,-5.2821743516594799e-01,3.4662090624783959e+03,-5.6194252842657318e-06
1.5,1,5.7046203607834001e-01,-8.5680851876037867e-01,3.1651988410783765e+03,-1.1253246832098218e-06
1.5,1,5.9838518501684002e-01,-1.1590934102498691e+00,2.8800411565943318e+03,-5.1397749019145464e-06
1.5,1,6.2630833396925001e-01,-1.4257911971034622e+00,2.6095267578289904e+03,-1.3274068289417397e-05
1.5,1,6.5423148292623001e-01,-1.6487135813371407e+00,2.3525806257001414e+03,-9.0713804401108989e-06
1.5,1,6.8215463188470005e-01,-1.8210162808366870e+00,2.1082422336547311e+03,-1.2727835356390708e-05
1.5,1,7.1007778084365003e-01,-1.9374091661049722e+00,1.8756493871152111e+03,-7.4537076663790777e-06
1.5,1,7.3800092975548004e-01,-1.9943186805793756e+00,1.6540248792980528e+03,-4.7742344681922706e-06
1.5,1,7.6569877286032995e-01,-1.9902783720372617e+00,1.4443315381212219e+03,-9.3498416612884055e-06
1.5,1,7.8004734995216995e-01,-1.9644629194389109e+00,1.3394669801091709e+03,-4.6412887791233043e-06
1.5,1,7.8548976326381004e-01,-1.9504817116879165e+00,1.3003401923010997e+03,-7.1527396700423180e-06
1.5,1,7.8926267591822996e-01,-1.9394497590990112e+00,1.2734214240796844e+03,-5.9898754548130730e-06
1.5,1,7.9000000000000004e-01,-1.9371663222572622e+00,1.2681803253235544e+03,-5.4361121010725578e-06
1.5,1,7.9245504555687996e-01,-1.9292638255903618e+00,1.2507749606100483e+03,-4.8711557568577810e-06
1.5,1,7.9544584466907997e-01,-1.9190167482370011e+00,1.2296659752669332e+03,-6.7904992565449093e-06
1.5,1,7.9846998042984996e-01,-1.9079664533636878e+00,1.2084267803820740e+03,-7.1770265039312197e-06
1.5,1,8.0000000000000004e-01,-1.9021130325903073e+00,1.1977211366781771e+03,-6.4818531975258068e-06
1.5,1,8.0178339251719000e-01,-1.8950684542764640e+00,1.1852764172925074e+03,-6.0158134887087386e-06
1.5,1,8.0587304356389000e-01,-1.8780169549109975e+00,1.1568749620942083e+03,-5.0686533516210845e-06
1.5,1,8.1248104556058998e-01,-1.8478502027152817e+00,1.1113826985469732e+03,-3.8533041694813682e-06
1.5,1,8.3246805040218996e-01,-1.7374619158124747e+00,9.7671347901989554e+02,-2.0713572100631999e-06
1.5,1,8.6038425520441997e-01,-1.5379440722141020e+00,7.9571169448504395e+02,-1.8932031405656991e-06
1.5,1,8.8830740416347997e-01,-1.2911642302201971e+00,6.2251231050405147e+02,-2.2909035672446010e-06
1.5,1,9.1623055312257995e-01,-1.0047423745775936e+00,4.5672710730140034e+02,-2.3832726428086888e-06
1.5,1,9.4415370208168004e-01,-6.8747238204126881e-01,2.9795558510701301e+02,-1.9465123208119011e-06
1.5,1,9.7207685104079000e-01,-3.4909524533687020e-01,1.4582753273567320e+02,-1.0765452400171092e-06
1.5,2,0.0000000000000000e+00,0.0000000000000000e+00,2.2532803772373962e+04,-1.5365274960297669e-04
1.5,2,2.6629423107500001e-03,3.3461958661328464e-02,2.1223424282428045e+04,-1.3416762232236049e-06
1.5,2,5.6083514067900003e-03,7.0462037628761284e-02,2.0418956628137166e+04,6.5634846782676071e-05
1.5,2,8.8984512525800002e-03,1.1176298662650526e-01,1.9750064953810761e+04,7.6664055173931216e-05
1.5,2,1.2617039661060000e-02,1.5838437877755582e-01,1.9137363808690421e+04,6.0092601992337720e-05
1.5,2,1.6879899680540000e-02,2.1172162424936303e-01,1.8545233551728372e+04,3.2218797079265102e-05
1.5,2,2.1851675495220001e-02,2.7373434021836679e-01,1.7950631515089633e+04,3.1826916613450213e-06
1.5,2,2.7773702681290001e-02,3.4724592402966920e-01,1.7333939636259427e+04,-2.0473184286882462e-05
1.5,2,3.5009934414730000e-02,4.3640831494010718e-01,1.6674696127208430e+04,-3.4907849184317451e-05
1.5,2,4.4117636043569997e-02,5.4732584700656772e-01,1.5949123127236862e+04,-3.9158358692230167e-05
1.5,2,5.5925516984260001e-02,6.8840713367503115e-01,1.5130618509917056e+04,-3.5983408490189310e-05
1.5,2,7.1482081546720005e-02,8.6837326585008057e-01,1.4200029075198188e+04,-3.0893350897794278e-05
1.5,2,9.1508672021990006e-02,1.0876124208783728e+00,1.3174212617800746e+04,-2.1090591165213339e-05
1.5,2,1.1546734223650000e-01,1.3270232713037959e+00,1.2124739804205466e+04,1.8926770360718326e-05
1.5,2,1.4178483814833001e-01,1.5552260267599893e+00,1.1131080027419433e+04,8.4991375409936075e-05
1.5,2,1.6912108097739001e-01,1.7472657787906178e+00,1.0229218913344514e+04,5.7657322150226844e-05
1.5,2,1.8818849819024000e-01,1.8510527130453833e+00,9.6619255462989440e+03,-5.6473949257775974e-05
1.5,2,1.9504754366648999e-01,1.8819638333661923e+00,9.4684723465041588e+03,-6.1837808511725680e-05
1.5,2,1.9992119614289999e-01,1.9018067865613972e+00,9.3341573071954244e+03,-3.8883154742974653e-05
1.5,2,2.0000000000000001e-01,1.9021130325903071e+00,9.3320063179872741e+03,-3.8226863734750338e-05
1.5,2,2.0477271293211000e-01,1.9197885661591407e+00,9.2029368023660390e+03,-1.5153389231474168e-05
1.5,2,2.1149713531746001e-01,1.9417592878326628e+00,9.0249935282209408e+03,2.3744409226632698e-05
1.5,2,2.3008489216233000e-01,1.9843628241435507e+00,8.5552461325463664e+03,-5.2856411950287423e-05
1.5,2,2.5797024550080999e-01,1.9974926649598970e+00,7.9046546681936597e+03,3.1407719401044953e-05
1.5,2,2.8328822087591998e-01,1.9564129879861238e+00,7.3624485221513241e+03,-2.1301879714097031e-05
1.5,2,2.9278795399282997e-01,1.9281568457177891e+00,7.1695498065444499e+03,-5.9760708299368962e-05
1.5,2,2.9807969663473000e-01,1.9094313636880040e+00,7.0644149668794798e+03,-4.8289770983578085e-05
1.5,2,2.9999999999999999e-01,1.9021130325903073e+00,7.0266611003238213e+03,-5.6688816948478968e-05
1.5,2,3.0278821054638000e-01,1.8909944644876684e+00,6.9722147420406363e+03,-2.0232859245913955e-05
1.5,2,3.0839117902671997e-01,1.8669002282771843e+00,6.8641085194255938e+03,-5.1270189172244943e-06
1.5,2,3.2010253371488001e-01,1.8091051227476476e+00,6.6435847640616903e+03,-1.2581533714359509e-05
1.5,2,3.4707707957480000e-01,1.6393495625819978e+00,6.1617096431775508e+03,9.8588255641252011e-06
1.5,2,3.7500006980860001e-01,1.4142129420700835e+00,5.6974714388295151e+03,7.0893977072952271e-06
1.5,2,4.0292316732166000e-01,1.1456557880007894e+00,5.2644245625298745e+03,-4.7141345312902980e-06
1.5,2,4.3084629944329000e-01,8.4192383296169993e-01,4.8592165222592894e+03,-1.5558500849642537e-05
1.5,2,4.5876944289180999e-01,5.1234257634044289e-01,4.4790271042952045e+03,-1.0016803350800247e-05
1.5,2,4.8669259004745002e-01,1.6703106413159077e-01,4.1214578356005150e+03,-2.9029880028853222e-05
1.5,2,5.1461573841635999e-01,-1.8340873952041517e-01,3.7844491442739545e+03,1.8757396182155920e-07
1.5,2,5.4253888718236998e-01,-5.2821743516594799e-01,3.4662172908323182e+03,1.3331340941556871e-05
1.5,2,5.7046203607833001e-01,-8.5680851876026476e-01,3.1652056206411912e+03,2.2764732390270132e-05
1.5,2,5.9838518501683002e-01,-1.1590934102497670e+00,2.8800463601188108e+03,1.6611102618126775e-05
1.5,2,6.2630833396925001e-01,-1.4257911971034622e+00,2.6095302975912800e+03,2.9963084152963316e-07
1.5,2,6.5423147925955005e-01,-1.6487135552543863e+00,2.3525824790348902e+03,-3.9515460352354188e-06
1.5,2,6.8086976518530995e-01,-1.8142807380499477e+00,2.1192220750042734e+03,-4.8605046757437750e-06
1.5,2,6.9192641052415005e-01,-1.8683280923519743e+00,2.0255536607399326e+03,1.3530636532626695e-05
1.5,2,6.9743926334449002e-01,-1.8919233533683300e+00,1.9795249364235467e+03,9.5435052229744367e-06
1.5,2,6.9999999999999996e-01,-1.9021130325903071e+00,1.9582947046694717e+03,1.1672640509147954e-05
1.5,2,7.0214390728731002e-01,-1.9102654764617029e+00,1.9405929550050423e+03,1.0162036222871374e-05
1.5,2,7.0750768364614003e-01,-1.9291403130736178e+00,1.8965932839542209e+03,1.3800162996104429e-05
1.5,2,7.1750374533018002e-01,-1.9584551649273096e+00,1.8156763298865467e+03,1.2756935962771752e-05
1.5,2,7.4334631185935995e-01,-1.9982524831783699e+00,1.6127972181066039e+03,5.0038479718000920e-06
1.5,2,7.7123231986944996e-01,-1.9822290587443865e+00,1.4035999787700098e+03,-2.2795952135545784e-06
1.5,2,7.8894654169335998e-01,-1.9404160560841150e+00,1.2756758006913021e+03,1.2959269994342517e-05
1.5,2,7.9548698326171996e-01,-1.9188710659965140e+00,1.2293814100538950e+03,1.4834763460088051e-05
1.5,2,8.0000000000000004e-01,-1.9021130325903073e+00,1.1977260887511682e+03,7.5180917383648683e-06
1.5,2,8.0031093738209003e-01,-1.9009019644083223e+00,1.1955537099314270e+03,7.4605637378987793e-06
1.5,2,8.0522492722139005e-01,-1.8808022098958859e+00,1.1613681253590689e+03,6.6312278897138921e-06
1.5,2,8.1232331718397000e-01,-1.8486075836540132e+00,1.1124675150575531e+03,5.6638110486466776e-06
1.5,2,8.3246802078128002e-01,-1.7374621001707924e+00,9.7671779252919168e+02,4.1043479607581844e-06
1.5,2,8.6038425520441997e-01,-1.5379440722141020e+00,7.9571511188884267e+02,3.4115170642882029e-06
1.5,2,8.8830740416347997e-01,-1.2911642302201971e+00,6.2251502312452533e+02,3.1457760580984076e-06
1.5,2,9.1623055312257995e-01,-1.0047423745775936e+00,4.5672911903055524e+02,2.7412485438205523e-06
1.5,2,9.4415370208168004e-01,-6.8747238204126881e-01,2.9795690718870628e+02,2.0354553830024554e-06
1.5,2,9.7207685104079000e-01,-3.4909524533687020e-01,1.4582818254507964e+02,1.0753615811833384e-06
1.5,3,0.0000000000000000e+00,0.0000000000000000e+00,2.2508745837451777e+04,1.1887539779909228e-02
1.5,3,2.6629423107500001e-03,3.3461958661328464e-02,2.1200392747392252e+04,3.5374194731756180e-03
1.5,3,5.6083514067900003e-03,7.0462037628761284e-02,2.0396595036629620e+04,9.3874608746874347e-04
1.5,3,8.8984512525800002e-03,1.1176298662650526e-01,1.9728278584817825e+04,-3.7000375883198037e-04
1.5,3,1.2617039661070001e-02,1.5838437877768111e-01,1.9116117808967305e+04,-1.0814744336773217e-03
1.5,3,1.6879899680540000e-02,2.1172162424936303e-01,1.8524521479688483e+04,-1.4377122369273656e-03
1.5,3,2.1851675495230000e-02,2.7373434021849125e-01,1.7930466776876052e+04,-1.5499615453063009e-03
1.5,3,2.7773702681300000e-02,3.4724592402979293e-01,1.7314354042785872e+04,-1.4766664960814140e-03
1.5,3,3.5009934414739999e-02,4.3640831494022975e-01,1.6655742196565938e+04,-1.2513721552908869e-03
1.5,3,4.4117636043590001e-02,5.4732584700680942e-01,1.5930878991023859e+04,-8.9727634064477250e-04
1.5,3,5.5925516984289998e-02,6.8840713367538509e-01,1.5113192881351893e+04,-4.4179311842511434e-04
1.5,3,7.1482081546760001e-02,8.6837326585053332e-01,1.4183556267994813e+04,6.0021188324946200e-05
1.5,3,9.1508672022050000e-02,1.0876124208790054e+00,1.3158816665684351e+04,5.0322554401195250e-04
1.5,3,1.1546734223658001e-01,1.3270232713045480e+00,1.2110473371180729e+04,7.7464759058081998e-04
1.5,3,1.4178483814876999e-01,1.5552260267634657e+00,1.1117908079965078e+04,8.5480274560060057e-04
1.5,3,1.6913546231307000e-01,1.7473537079931905e+00,1.0216615803618217e+04,8.1401774953787881e-04
1.5,3,1.9686543861250999e-01,1.8895727241225799e+00,9.4068358791081228e+03,7.2461274454030248e-04
1.5,3,2.2472471303375999e-01,1.9748325636803781e+00,8.6770773204956276e+03,6.1938813554435809e-04
1.5,3,2.5262688582923998e-01,1.9997275842125573e+00,8.0149971817195301e+03,4.9942062225989887e-04
1.5,3,2.8054316196821000e-01,1.9632840779959226e+00,7.4101701934761304e+03,3.5830157573190822e-04
1.5,3,3.0846406074004001e-01,1.8665715074263631e+00,6.8542615394876839e+03,2.0388297869347439e-04
1.5,3,3.3638647316017001e-01,1.7125498493758886e+00,6.3406407610621418e+03,6.5739174527631918e-05
1.5,3,3.6430800099005001e-01,1.5059586529564908e+00,5.8640016071676500e+03,-2.1468757931139933e-05
1.5,3,3.8641397316478998e-01,1.3092433523201625e+00,5.5099658997555916e+03,-6.1046265334977796e-05
1.5,3,3.9410946084310999e-01,1.2346373742011878e+00,5.3911768390998459e+03,-8.4921971265334187e-05
1.5,3,3.9902980867269999e-01,1.1854119618001515e+00,5.3163748475315870e+03,-1.0596975340493584e-04
1.5,3,4.0000000000000002e-01,1.1755705045849465e+00,5.3017293596762802e+03,-1.1088061455059864e-04
1.5,3,4.0343008402489000e-01,1.1404285671726930e+00,5.2502216432046571e+03,-1.1878609290493162e-04
1.5,3,4.0793383974164998e-01,1.0934849150899497e+00,5.1832253300826214e+03,-1.4288826512708769e-04
1.5,3,4.1257400146050000e-01,1.0442041210209745e+00,5.1149406964125301e+03,-1.5662792269043881e-04
1.5,3,4.1705389410707000e-01,9.9578292705034555e-01,5.0497155037776129e+03,-1.8166989111698337e-04
1.5,3,4.1999999999999998e-01,9.6350734820343120e-01,5.0071911461131303e+03,-1.8779222985034687e-04
1.5,3,4.2146939370566999e-01,9.4728555895518418e-01,4.9860901604616556e+03,-2.0105551353850949e-04
1.5,3,4.2652292819600002e-01,8.9088789356351716e-01,4.9140636244144716e+03,-2.1924258322947017e-04
1.5,3,4.3497464075835002e-01,7.9458823538261036e-01,4.7954524119761900e+03,-2.5270700450626029e-04
1.5,3,4.5876970340984002e-01,5.1233941181461784e-01,4.4733782440434807e+03,-3.3763562038311177e-04
1.5,3,4.8669259004766002e-01,1.6703106412896121e-01,4.1162485188293531e+03,-3.7239608858574290e-04
1.5,3,5.1461573841659003e-01,-1.8340873952329401e-01,3.7796534050849036e+03,-3.9552486238712874e-04
1.5,3,5.4253834980929005e-01,-5.2821092210693199e-01,3.4618201878778577e+03,-4.1524956080249745e-04
1.5,3,5.6564126607889997e-01,-8.0168493594697643e-01,3.2119159013888689e+03,-4.2220099139391018e-04
1.5,3,5.7374928982385998e-01,-8.9394925811589299e-01,3.1268563458938725e+03,-4.2550228683155695e-04
1.5,3,5.7874348245076002e-01,-9.4964070005409340e-01,3.0751230623156357e+03,-4.2440426836388724e-04
1.5,3,5.7999999999999996e-01,-9.6350734820342998e-01,3.0621852921284080e+03,-4.2277932273745576e-04
1.5,3,5.8315158829742997e-01,-9.9802145423559474e-01,3.0298717472119806e+03,-4.2322976797524162e-04
1.5,3,5.8764151968817002e-01,-1.0465130418718855e+00,2.9841712479196676e+03,-4.1964654652501429e-04
1.5,3,5.9228226261845995e-01,-1.0957576992432385e+00,2.9373449592303832e+03,-4.2167141266085859e-04
1.5,3,5.9677578039675006e-01,-1.1425527969147207e+00,2.8923955866663982e+03,-4.2328345146493357e-04
1.5,3,5.9999999999999998e-01,-1.1755705045849461e+00,2.8603777700179362e+03,-4.2032069095402920e-04
1.5,3,6.0118160630449002e-01,-1.1875506870039894e+00,2.8486926082793466e+03,-4.1935114517599855e-04
1.5,3,6.0615583372547999e-01,-1.2372583941971593e+00,2.7997851168718662e+03,-4.1605054105228886e-04
1.5,3,6.1415068340199996e-01,-1.3145991305248754e+00,2.7221267142945926e+03,-4.1267705214141886e-04
1.5,3,6.3699975367719996e-01,-1.5167218129002062e+00,2.5064184210396816e+03,-4.0997509632424576e-04
1.5,3,6.6492221249103001e-01,-1.7209862570361845e+00,2.2547319381573038e+03,-4.0307499591560141e-04
1.5,3,6.9284536144976006e-01,-1.8724177152711707e+00,2.0152910304917632e+03,-3.8650386279400178e-04
1.5,3,7.2076851040880996e-01,-1.9663612049859378e+00,1.7872747726268908e+03,-3.6140198367518841e-04
1.5,3,7.4869165936791005e-01,-1.9999324229935576e+00,1.5699362774923225e+03,-3.3037477323291984e-04
1.5,3,7.7661480832702001e-01,-1.9721006478322551e+00,1.3625987128856593e+03,-2.9571189844022037e-04
1.5,3,8.0453795728612998e-01,-1.8837203855245419e+00,1.1646465908435130e+03,-2.5901703844862027e-04
1.5,3,8.3246110624523995e-01,-1.7375051340768282e+00,9.7551839850128226e+02,-2.2131186930217443e-04
1.5,3,8.6038425520435002e-01,-1.5379440722146642e+00,7.9470032620988763e+02,-1.8323849703769866e-04
1.5,3,8.8830740416345999e-01,-1.2911642302203885e+00,6.2172089958105357e+02,-1.4523019079240105e-04
1.5,3,9.1623055312255997e-01,-1.0047423745778101e+00,4.5614636116725529e+02,-1.0762129056402769e-04
1.5,3,9.4415370208167004e-01,-6.8747238204138716e-01,2.9757667769036783e+02,-7.0703788351762794e-05
1.5,3,9.7207685104078001e-01,-3.4909524533699438e-01,1.4564207231342107e+02,-3.4747521231767103e-05
