gamma,domain,bc_type,omega_left,omega_right,omega_prime_left,omega_prime_right,T,nx,nt,outer_iters,uncontrolled_terminal_l2,controlled_terminal_l2,relative_terminal_l2,control_l2_q,last_update_l2_q,linear_terminal_l2,refine_iters,final_objective
0.5,1,weak Dirichlet-Dirichlet,0.2,0.8,0.21,0.79,1,60,120,4,7.1720418661364971e-01,3.1444912376704066e-09,2.2232100268115448e-09,7.2056590448801722e-02,6.9934031221135448e-10,3.1441600149156704e-09,0,2.6010200261250653e-15
0.5,2,weak Dirichlet-Dirichlet,0.2,0.8,0.3,0.7,1,60,120,4,7.1738903282022604e-01,3.3273755569646188e-09,2.3519751907207037e-09,7.3484724895940393e-02,6.8318738659324657e-10,3.3271278829241578e-09,0,2.7055381105645642e-15
0.5,3,weak Dirichlet-Dirichlet,0.4,0.6,0.42,0.58,1,60,120,4,7.1560155209238174e-01,1.4596616559047927e-08,1.0327263325478139e-08,1.3070356860210638e-01,7.5399690324762537e-10,1.4596765613802380e-08,0,8.6482420301486994e-15
1,1,strong Neumann-Dirichlet,0.2,0.8,0.21,0.79,1,60,120,8,3.2244002555396833e+03,1.1086133171022975e-07,7.8380890775341776e-08,1.4144231335979931e+00,4.7781348363711971e-05,9.6308430806368830e-08,2,1.0064415178628661e-12
1,2,strong Neumann-Dirichlet,0.2,0.8,0.3,0.7,1,60,120,8,3.2243295501646858e+03,9.8453455635969963e-08,6.9592410334276269e-08,1.4320592919334902e+00,2.3397714793346135e-05,1.1886947336191956e-07,2,1.0302434492698570e-12
1,3,strong Neumann-Dirichlet,0.4,0.6,0.42,0.58,1,60,120,8,3.2198589327368304e+03,4.5651406470630734e-07,3.2298861444599806e-07,2.9695849263697158e+00,3.2764013810061845e-05,4.5748869032060093e-07,2,4.5134198630984525e-12
1.5,1,strong Neumann-Dirichlet,0.2,0.8,0.21,0.79,1,60,120,8,7.2745611189744686e+03,1.2446794524550427e-05,8.8001003332876821e-06,4.6199659025375075e+00,1.3882860282780540e-01,1.2780219182253211e-04,50,8.8133389438493853e-11
1.5,2,strong Neumann-Dirichlet,0.2,0.8,0.3,0.7,1,60,120,8,7.2744071659073661e+03,2.7258227512567178e-05,1.9267640143111215e-05,4.5651311137626696e+00,7.4542015879647067e-02,1.2146699070339816e-05,50,3.8192569460635911e-10
1.5,3,strong Neumann-Dirichlet,0.4,0.6,0.42,0.58,1,60,120,8,7.2665659694436072e+03,6.6736239688599814e-04,4.7216607891859919e-04,1.7222517217255827e+01,1.6055356847064490e+00,1.7953212560653726e-05,50,2.2283459193836157e-07
